{
    "num_mels": 80,
    "num_freq": 2049,
    "sample_rate": 48000,
    "frame_length_ms": 50,
    "frame_shift_ms": 12.5,
    "average_mel_level_db": [
        -58.04168771968063,
        -44.63699099866692,
        -39.620118865592055,
        -36.379262478520424,
        -39.231814323975335,
        -41.839288171453546,
        -40.74096481697363,
        -39.97132166693637,
        -40.439553907274274,
        -41.59060171440334,
        -43.375056278971975,
        -45.291181071331465,
        -47.14680528081143,
        -48.69435206803894,
        -50.01993128736566,
        -51.23917654919911,
        -52.28302736286369,
        -53.2157138595431,
        -53.98088771615804,
        -54.491452751532606,
        -55.19457608311565,
        -55.74697634687001,
        -56.35798820150569,
        -56.6708915800053,
        -56.93297711083297,
        -56.9535138443519,
        -56.94541627725471,
        -56.84054860026353,
        -56.82947003646987,
        -57.07762810414995,
        -57.55402836350106,
        -58.09833546340298,
        -58.60061799540081,
        -59.186888017780305,
        -59.52748780576407,
        -59.51771260241672,
        -59.361507494872974,
        -59.36371352049325,
        -59.671416666941866,
        -60.35445239597059,
        -61.110308986692296,
        -61.853176005398375,
        -62.625447892552025,
        -63.336977018364834,
        -63.94770266209169,
        -64.67928416450081,
        -65.689128718953,
        -66.92548498988904,
        -68.28088298266992,
        -69.69740681908499,
        -71.1354713288222,
        -72.45984405908715,
        -73.51018085227004,
        -74.35367522327203,
        -74.96014292932462,
        -75.24929520563704,
        -75.34214202445783,
        -75.41987690729299,
        -75.5411686872056,
        -75.86746673623793,
        -76.40294533041398,
        -77.02630388333162,
        -77.63834609723905,
        -78.23853477627664,
        -78.99460712599114,
        -80.02505446263352,
        -81.14205197810266,
        -82.26477371174819,
        -83.30633483814222,
        -84.27643130222661,
        -85.21839103235175,
        -85.84194332803843,
        -85.6234983559385,
        -84.42700465973375,
        -82.72875241765657,
        -81.10694931094724,
        -80.07820162677878,
        -79.94026558170717,
        -80.63110826367951,
        -81.56312546715675
    ],
    "stddev_mel_level_db": [
        13.610947900980584,
        15.715238665854617,
        16.19627212993091,
        17.64929371182739,
        17.11728609364297,
        16.15255561434464,
        16.90609442629966,
        17.542248132502266,
        17.66869656400351,
        17.49740991635957,
        17.359942250075985,
        17.184657660651315,
        16.95014010276019,
        16.693358976099905,
        16.378879115822237,
        16.01850928611083,
        15.706597139511393,
        15.478426013473303,
        15.303751517672035,
        15.187449084782738,
        15.078633378104941,
        14.975584282057877,
        14.919065768314782,
        14.891093976529021,
        14.876748169831359,
        14.843898397934256,
        14.8204414330369,
        14.838481219970944,
        14.818627831461592,
        14.748508602742529,
        14.641686984273171,
        14.488578360277728,
        14.317450531978771,
        14.123081959853147,
        13.975530183250031,
        13.987436003455983,
        14.139450448088553,
        14.263034168022042,
        14.244208834156073,
        14.144827556140537,
        14.039868524336182,
        13.943055319359942,
        13.836743226957582,
        13.727047835979162,
        13.695861368097098,
        13.71649727548664,
        13.729084692595851,
        13.746537480503543,
        13.835933893843945,
        13.973461281288804,
        14.120073337788945,
        14.23792060801962,
        14.289813591403643,
        14.288417038897595,
        14.229277421882923,
        14.064755966964581,
        13.887263511887678,
        13.735080282679114,
        13.674599626281573,
        13.63803033562234,
        13.561967382489799,
        13.428515734575726,
        13.254109442118153,
        13.110669493802323,
        12.919558448137385,
        12.645753301262335,
        12.34368517607526,
        12.043157807913305,
        11.752957274348303,
        11.395086547899927,
        11.012037548077606,
        10.480332554642956,
        9.46794853156502,
        8.006559032884388,
        6.634238233026013,
        5.658977140409595,
        5.071416048335195,
        4.7649232281161416,
        4.6214823864784,
        4.516944332166322
    ]
}